theta0,theta1
0.22092888150745418,0.7761918938208132
