theta0,theta1,xmin,xmax,ymin,ymax
0.0003234344768586562,0.9994766720233089,1,2,1,2
