theta0,theta1,xmin,xmax,ymin,ymax
0.9385559752774363,-1.0015619144775953,22899,240000,3650,8290
