theta0,theta1
0.16619601412245275,0.16619601412245275
